task,harbor_task,difficulty_csv_name,difficulty,n_hidden_tests,spec_words,spec_chars
aiofiles,nl2repobench/aiofiles,aiofiles,Medium,211,5829,48890
arguably,nl2repobench/arguably,arguably,Medium,70,8340,69032
arxiv-mcp-server,nl2repobench/arxiv-mcp-server,arxiv-mcp-server,Easy,23,3431,29673
asteval,nl2repobench/asteval,asteval,Medium,227,8111,69309
autojump,nl2repobench/autojump,autojump,Medium,23,9334,77548
autopep8,nl2repobench/autopep8,Autopep8,Hard,564,15665,120861
autorccar,nl2repobench/autorccar,autorccar,Easy,13,4284,35905
binaryalert,nl2repobench/binaryalert,binaryalert,Medium,77,7396,64708
bleach,nl2repobench/bleach,bleach,Hard,448,3118,27211
boltons,nl2repobench/boltons,boltons,Hard,423,37895,310802
boto,nl2repobench/boto,boto,Hard,1014,31002,271804
box,nl2repobench/box,Box,Medium,147,6662,55381
cachier,nl2repobench/cachier,Cachier,Hard,180,13630,112995
cerberus,nl2repobench/cerberus,cerberus,Hard,249,7454,70472
cherry,nl2repobench/cherry,Cherry,Easy,34,5506,43552
cookiecutter,nl2repobench/cookiecutter,cookiecutter,Hard,381,11259,96800
coverage_shield,nl2repobench/coverage_shield,coverage_shield,Easy,11,4446,42854
databases,nl2repobench/databases,databases,Medium,154,12711,135176
dbutils,nl2repobench/dbutils,DBUtils,Hard,140,5052,43322
decouple,nl2repobench/decouple,decouple,Easy,67,4145,39137
deepdiff,nl2repobench/deepdiff,deepdiff,Hard,970,24973,228369
deslib,nl2repobench/deslib,DESlib,Hard,532,31897,264977
dictdatabase,nl2repobench/dictdatabase,DictDataBase,Medium,594,18428,176525
docopt-ng,nl2repobench/docopt-ng,docopt-ng,Medium,614,5684,44263
emoji,nl2repobench/emoji,emoji,Medium,102,8219,73000
fastapi-users,nl2repobench/fastapi-users,fastapi-users,Hard,556,8478,74742
flask-restful,nl2repobench/flask-restful,flask-restful,Medium,362,6649,62480
flasky,nl2repobench/flasky,flasky,Medium,34,6178,57905
freezegun,nl2repobench/freezegun,freezegun,Medium,133,5408,48000
frontmatter,nl2repobench/frontmatter,frontmatter,Easy,55,5540,44127
ftfy,nl2repobench/ftfy,ftfy,Medium,336,9304,84510
funcy,nl2repobench/funcy,funcy,Medium,203,6659,50559
fuzzywuzzy,nl2repobench/fuzzywuzzy,fuzzywuzzy,Easy,71,5126,40641
gitingest,nl2repobench/gitingest,gitingest,Medium,133,13585,110731
google-images-download,nl2repobench/google-images-download,google-images-download,Easy,30,2523,20887
graphneuralnetwork,nl2repobench/graphneuralnetwork,graphneuralnetwork,Easy,4,3630,31267
humanize,nl2repobench/humanize,humanize,Medium,607,6826,55235
icecream,nl2repobench/icecream,icecream,Medium,40,3340,27293
ipytest,nl2repobench/ipytest,ipytest,Easy,74,3748,31304
jinja,nl2repobench/jinja,jinja,Hard,911,18939,159373
jsonlines,nl2repobench/jsonlines,jsonlines,Easy,27,1862,16034
justext,nl2repobench/justext,jusText,Easy,61,2734,21745
markdownify,nl2repobench/markdownify,markdownify,Easy,83,5041,43699
markupsafe,nl2repobench/markupsafe,markupsafe,Easy,39,2018,16395
math-verify,nl2repobench/math-verify,math-verify,Medium,192,5320,47183
mechanicalsoup,nl2repobench/mechanicalsoup,mechanicalsoup,Medium,121,4985,49396
mootdx,nl2repobench/mootdx,mootdx,Hard,92,18472,151750
more-Itertools,nl2repobench/more-Itertools,More-Itertools,Hard,682,23889,183232
paillier,nl2repobench/paillier,paillier,Medium,234,5965,47643
pandarallel,nl2repobench/pandarallel,pandarallel,Easy,217,1978,18919
parse,nl2repobench/parse,parse,Easy,96,4208,32833
pathlib2,nl2repobench/pathlib2,pathlib2,Medium,344,5909,51952
pdfplumber-stable,nl2repobench/pdfplumber-stable,pdfplumber-stable,Hard,171,15877,134735
plac,nl2repobench/plac,plac,Medium,28,5796,47835
pss,nl2repobench/pss,pss,Medium,46,4107,36509
pyautogui,nl2repobench/pyautogui,PyAutoGUI,Medium,28,4922,41592
pyjwt,nl2repobench/pyjwt,pyjwt,Hard,299,9844,90764
pylama,nl2repobench/pylama,pylama,Medium,34,6643,58412
pyperclip,nl2repobench/pyperclip,pyperclip,Easy,2,4739,42058
pypinyin,nl2repobench/pypinyin,pypinyin,Hard,966,9346,80242
pyquery,nl2repobench/pyquery,pyquery,Medium,74,11757,109453
pysondb-v2,nl2repobench/pysondb-v2,pysondb-v2,Medium,96,5120,38442
pytest-cov,nl2repobench/pytest-cov,pytest-cov,Medium,184,8160,72517
pytestify,nl2repobench/pytestify,pytestify,Easy,122,5187,43306
python-dotenv,nl2repobench/python-dotenv,python-dotenv,Medium,209,3626,31424
python-fsutil,nl2repobench/python-fsutil,python-fsutil,Medium,153,4246,40480
python-jose,nl2repobench/python-jose,python-jose,Medium,458,7683,64560
python-pathspec,nl2repobench/python-pathspec,python-pathspec,Medium,119,5715,47292
python-patterns,nl2repobench/python-patterns,python-patterns,Medium,68,4331,35192
python-pytest-cases,nl2repobench/python-pytest-cases,python-pytest-cases,Hard,1372,24912,224571
python-slugify,nl2repobench/python-slugify,python-slugify,Easy,82,3421,26572
pythonprojecttemplate,nl2repobench/pythonprojecttemplate,PythonProjectTemplate,Easy,36,3613,27407
pytorch-grad-cam,nl2repobench/pytorch-grad-cam,pytorch-grad-cam,Medium,178,3035,25893
pytz,nl2repobench/pytz,pytz,Medium,235,3362,26760
records,nl2repobench/records,records,Easy,31,1999,15267
requests-html,nl2repobench/requests-html,requests-html,Easy,41,2873,21776
retrying,nl2repobench/retrying,retrying,Easy,23,3335,30106
rich-click,nl2repobench/rich-click,Rich-Click,Hard,145,24934,221392
schedule-master,nl2repobench/schedule-master,schedule-master,Medium,81,2842,28402
schema,nl2repobench/schema,schema,Medium,118,3999,31852
six,nl2repobench/six,six,Medium,200,4691,45384
sklearn,nl2repobench/sklearn,sklearn,Easy,70,5839,52812
sortedcontainers,nl2repobench/sortedcontainers,sortedcontainers,Hard,296,17475,146123
sqlparse,nl2repobench/sqlparse,sqlparse,Hard,461,13028,105805
stable-baselines3,nl2repobench/stable-baselines3,Stable-Baselines3,Hard,798,42187,368062
stamina,nl2repobench/stamina,stamina,Medium,129,4544,42023
structlog,nl2repobench/structlog,structlog,Hard,828,18515,161362
synthetic,nl2repobench/synthetic,Synthetic,Hard,93,11742,106425
tablib,nl2repobench/tablib,tablib,Medium,172,7282,63378
tenacity,nl2repobench/tenacity,tenacity,Medium,124,6220,61630
tinydb,nl2repobench/tinydb,tinydb,Medium,204,5326,44390
tqdm,nl2repobench/tqdm,tqdm,Hard,139,11412,94374
trimming,nl2repobench/trimming,trimming,Easy,10,3494,30211
tsfresh,nl2repobench/tsfresh,tsfresh,Hard,317,17028,144925
typing_extensions,nl2repobench/typing_extensions,typing_extensions,Medium,535,5177,42068
uiautomator,nl2repobench/uiautomator,uiautomator,Medium,101,9851,86789
unidecode,nl2repobench/unidecode,unidecode,Hard,65,4648,37619
unittest-parametrize,nl2repobench/unittest-parametrize,unittest-parametrize,Easy,26,4006,35281
verifiers,nl2repobench/verifiers,Verifiers,Hard,171,4120,34929
voluptuous,nl2repobench/voluptuous,voluptuous,Medium,152,7539,62246
wifiphisher,nl2repobench/wifiphisher,wifiphisher,Hard,43,9076,77792
wsgidav,nl2repobench/wsgidav,wsgidav,Hard,36,20383,174736
xlrd,nl2repobench/xlrd,xlrd,Hard,84,5109,39373
ydata-profiling,nl2repobench/ydata-profiling,ydata-profiling,Hard,2182,44244,387438
